{
  "age": {
    "percentiles": [
      17.0,
      28.0,
      32.0,
      38.0,
      47.0,
      55.0,
      98.0
    ],
    "mean": 40.01355616704435,
    "std": 10.360087327841098
  },
  "campaign": {
    "percentiles": [
      1.0,
      1.0,
      1.0,
      2.0,
      3.0,
      5.0,
      56.0
    ],
    "mean": 2.551472968598252,
    "std": 2.762608741196607
  },
  "previous": {
    "percentiles": [
      0.0,
      0.0,
      0.0,
      0.0,
      0.0,
      1.0,
      7.0
    ],
    "mean": 0.17647296859825187,
    "std": 0.5033738055685189
  },
  "emp.var.rate": {
    "percentiles": [
      -3.4,
      -1.8,
      -1.8,
      1.1,
      1.4,
      1.4,
      1.4
    ],
    "mean": 0.07860148915506637,
    "std": 1.5725968208974888
  },
  "cons.price.idx": {
    "percentiles": [
      92.201,
      92.893,
      93.075,
      93.749,
      93.994,
      94.465,
      94.767
    ],
    "mean": 93.57506729524118,
    "std": 0.5793080625834649
  },
  "cons.conf.idx": {
    "percentiles": [
      -50.8,
      -46.2,
      -42.7,
      -41.8,
      -36.4,
      -36.1,
      -26.9
    ],
    "mean": -40.50910488831337,
    "std": 4.628624482366973
  },
  "euribor3m": {
    "percentiles": [
      0.634,
      1.044,
      1.344,
      4.857,
      4.961,
      4.964,
      5.045
    ],
    "mean": 3.6157926513434773,
    "std": 1.737026346818994
  },
  "nr.employed": {
    "percentiles": [
      4963.6,
      5076.2,
      5099.1,
      5191.0,
      5228.1,
      5228.1,
      5228.1
    ],
    "mean": 5166.874465846551,
    "std": 72.34613474019828
  },
  "job": {
    "admin.": 0.25465360958238914,
    "blue-collar": 0.2221997410165102,
    "technician": 0.1643331175137585,
    "services": 0.09764486888960829,
    "management": 0.07223211395273552,
    "retired": 0.04147782453868566,
    "entrepreneur": 0.034598575590806084,
    "self-employed": 0.033667853674328264,
    "housemaid": 0.025331822596309485,
    "unemployed": 0.02419876982842344,
    "student": 0.021487536419553255,
    "unknown": 0.008174166396892198
  },
  "marital": {
    "married": 0.6058595014567821,
    "single": 0.2828585302686954,
    "divorced": 0.10933959210100357,
    "unknown": 0.0019423761735189381
  },
  "education": {
    "university.degree": 0.2956863062479767,
    "high.school": 0.23340887018452575,
    "basic.9y": 0.14596147620589187,
    "professional.course": 0.12665911298154742,
    "basic.4y": 0.09983004208481709,
    "basic.6y": 0.054993525412754936,
    "unknown": 0.04297507283910651,
    "illiterate": 0.00048559404337973454
  },
  "default": {
    "no": 0.7890903204920686,
    "unknown": 0.21082874716736807,
    "yes": 8.09323405632891e-05
  },
  "housing": {
    "yes": 0.5233489802525089,
    "no": 0.45180479119456135,
    "unknown": 0.024846228552929752
  },
  "loan": {
    "no": 0.8214632567173843,
    "yes": 0.15369051472968598,
    "unknown": 0.024846228552929752
  },
  "contact": {
    "cellular": 0.6357640012949175,
    "telephone": 0.36423599870508255
  },
  "month": {
    "may": 0.33469569439948205,
    "jul": 0.17493525412754937,
    "aug": 0.15033182259630948,
    "jun": 0.1290061508578828,
    "nov": 0.09804953059242473,
    "apr": 0.06434121074781483,
    "oct": 0.0174409193913888,
    "sep": 0.01387989640660408,
    "mar": 0.012706377468436387,
    "dec": 0.0046131434121074785
  },
  "day_of_week": {
    "thu": 0.20880543865328585,
    "mon": 0.20795564907737132,
    "wed": 0.19864842991259307,
    "tue": 0.19261897054062804,
    "fri": 0.1919715118161217
  },
  "poutcome": {
    "nonexistent": 0.8615247652962124,
    "failure": 0.1042003884752347,
    "success": 0.03427484622855293
  },
  "previously_contacted": {
    "0": 0.9618404014244092,
    "1": 0.03815959857559081
  },
  "output": {
    "positive_rate": 0.11265781806409841,
    "predicted_probability_mean": 0.11358815251552991
  }
}